key;title;author;ee;journal;volume;year;abstract;keywords
tr/trier/MI99-12;Approximation of the Newton Step by a Defect Correction Process;A. Battermann|Ekkehard W. Sachs|Eyal Arian;http://www.mathematik.uni-trier.de/preprints/About/FoMaInf_12.html;Universität Trier, Mathematik/Informatik, Forschungsbericht;99-12;1999;Quisquam aliquam dolorem est velit eius quiquia. Dolorem labore ipsum ut modi ut quiquia adipisci. Adipisci ipsum tempora modi. Aliquam porro ipsum ut voluptatem neque eius labore. Quiquia aliquam voluptatem dolor modi. Velit tempora dolor quaerat numquam ut.;Data Mining
tr/trier/MI99-11;Convergence of Time-Continous Disturbed Martingales and Financial Market Modelling;Richard Rödler;http://www.mathematik.uni-trier.de/preprints/About/FoMaInf_11.html;Universität Trier, Mathematik/Informatik, Forschungsbericht;99-11;1999;Quisquam aliquam dolorem est velit eius quiquia. Dolorem labore ipsum ut modi ut quiquia adipisci. Adipisci ipsum tempora modi. Aliquam porro ipsum ut voluptatem neque eius labore. Quiquia aliquam voluptatem dolor modi. Velit tempora dolor quaerat numquam ut.;Computer Networks
tr/trier/MI06-01;Personal Name Matching: New Test Collections and a Social Network based Approach.;Patrick Reuther;http://dbis.uni-trier.de/Mitarbeiter/reuther_files/private/paper/fb-06-01.pdf;Universität Trier, Mathematik/Informatik, Forschungsbericht;06-01;2006;Quisquam aliquam dolorem est velit eius quiquia. Dolorem labore ipsum ut modi ut quiquia adipisci. Adipisci ipsum tempora modi. Aliquam porro ipsum ut voluptatem neque eius labore. Quiquia aliquam voluptatem dolor modi. Velit tempora dolor quaerat numquam ut.;Data Engineering
tr/trier/MI99-13;Computation of PODs for Fluid Flows with Lanczos Methods;Marco Fahl;http://www.mathematik.uni-trier.de/preprints/About/FoMaInf_13.html;Universität Trier, Mathematik/Informatik, Forschungsbericht;99-13;1999;Quisquam aliquam dolorem est velit eius quiquia. Dolorem labore ipsum ut modi ut quiquia adipisci. Adipisci ipsum tempora modi. Aliquam porro ipsum ut voluptatem neque eius labore. Quiquia aliquam voluptatem dolor modi. Velit tempora dolor quaerat numquam ut.;NLP
tr/trier/MI99-05;Convergence of Generalized Supermartingales with Continous Parameter;Richard Rödler;http://www.mathematik.uni-trier.de/preprints/About/FoMaInf_05.html;Universität Trier, Mathematik/Informatik, Forschungsbericht;99-05;1999;Quisquam aliquam dolorem est velit eius quiquia. Dolorem labore ipsum ut modi ut quiquia adipisci. Adipisci ipsum tempora modi. Aliquam porro ipsum ut voluptatem neque eius labore. Quiquia aliquam voluptatem dolor modi. Velit tempora dolor quaerat numquam ut.;Semantic Data
tr/trier/MI99-09;On the Rareness of Disturbed Martingales in the Class of all Uniformly L;Richard Rödler;http://www.mathematik.uni-trier.de/preprints/About/FoMaInf_01.html;Universität Trier, Mathematik/Informatik, Forschungsbericht;99-09;1999;Quisquam aliquam dolorem est velit eius quiquia. Dolorem labore ipsum ut modi ut quiquia adipisci. Adipisci ipsum tempora modi. Aliquam porro ipsum ut voluptatem neque eius labore. Quiquia aliquam voluptatem dolor modi. Velit tempora dolor quaerat numquam ut.;Computer Networks
tr/trier/MI99-14;Auxiliary Problem Principle and Proximal Point Methods;Alexander Kaplan|Rainer Tichatschke;http://www.mathematik.uni-trier.de/preprints/About/FoMaInf_1999_14.html;Universität Trier, Mathematik/Informatik, Forschungsbericht;99-14;1999;Quisquam aliquam dolorem est velit eius quiquia. Dolorem labore ipsum ut modi ut quiquia adipisci. Adipisci ipsum tempora modi. Aliquam porro ipsum ut voluptatem neque eius labore. Quiquia aliquam voluptatem dolor modi. Velit tempora dolor quaerat numquam ut.;Machine Learning|NLP|Data Structures
tr/trier/MI99-08;Convergence of Disturbed Martingales and a Stochastic Model for Annuity Funds;Richard Rödler;http://www.mathematik.uni-trier.de/preprints/About/FoMaInf_08.html;Universität Trier, Mathematik/Informatik, Forschungsbericht;99-08;1999;Quisquam aliquam dolorem est velit eius quiquia. Dolorem labore ipsum ut modi ut quiquia adipisci. Adipisci ipsum tempora modi. Aliquam porro ipsum ut voluptatem neque eius labore. Quiquia aliquam voluptatem dolor modi. Velit tempora dolor quaerat numquam ut.;NLP|Computer Networks|High Performance Computing
tr/unicamp/IC-12-08;Differences in productivity and impact across the different computer science subareas.;Anderson Rocha 0001|Jacques Wainer|Michael Eckmann|Siome Goldenstein;http://www.ic.unicamp.br/~reltech/2012/12-08.pdf;Technical Report;IC-12-08;2012;Quisquam aliquam dolorem est velit eius quiquia. Dolorem labore ipsum ut modi ut quiquia adipisci. Adipisci ipsum tempora modi. Aliquam porro ipsum ut voluptatem neque eius labore. Quiquia aliquam voluptatem dolor modi. Velit tempora dolor quaerat numquam ut.;NLP
persons/LeyCHM11;Catchment classification by runoff behaviour with self-organizing maps (SOM);Hugo Hellebrand|Markus Casper|Ralf Merz|Rita Ley;https://doi.org/10.5194/hess-15-2947-2011;Hydrology and Earth System Sciences;15;2011;Quisquam aliquam dolorem est velit eius quiquia. Dolorem labore ipsum ut modi ut quiquia adipisci. Adipisci ipsum tempora modi. Aliquam porro ipsum ut voluptatem neque eius labore. Quiquia aliquam voluptatem dolor modi. Velit tempora dolor quaerat numquam ut.;Machine Learning|Data Engineering
persons/Tresch96;Principles of Distributed Object Database Languages.;Markus Tresch;https://doi.org/10.3929/ethz-a-006651652;ETH Zurich, Department of Computer Science / Technical Report;248;1996;Quisquam aliquam dolorem est velit eius quiquia. Dolorem labore ipsum ut modi ut quiquia adipisci. Adipisci ipsum tempora modi. Aliquam porro ipsum ut voluptatem neque eius labore. Quiquia aliquam voluptatem dolor modi. Velit tempora dolor quaerat numquam ut.;Data Engineering
persons/CasperGGGHLR12;Analysis of projected hydrological behavior of catchments based on signature indices;Andreas Rock|Gayane Grigoryan|Günther Heinemann|Markus Casper|Oliver Gronz|Oliver Gutjahr|Rita Ley;https://doi.org/10.5194/hess-16-409-2012;Hydrology and Earth System Sciences;16;2012;Quisquam aliquam dolorem est velit eius quiquia. Dolorem labore ipsum ut modi ut quiquia adipisci. Adipisci ipsum tempora modi. Aliquam porro ipsum ut voluptatem neque eius labore. Quiquia aliquam voluptatem dolor modi. Velit tempora dolor quaerat numquam ut.;Data Engineering
journals/see/Davies19;An Ethics of the System: Talking to Scientists About Research Integrity.;Sarah R. Davies;https://doi.org/10.1007/s11948-018-0064-y|https://www.wikidata.org/entity/Q58657000;Sci. Eng. Ethics;25;2019;Quisquam aliquam dolorem est velit eius quiquia. Dolorem labore ipsum ut modi ut quiquia adipisci. Adipisci ipsum tempora modi. Aliquam porro ipsum ut voluptatem neque eius labore. Quiquia aliquam voluptatem dolor modi. Velit tempora dolor quaerat numquam ut.;NLP|Big Data
journals/see/MurphyG08;The Acceptability and the Tolerability of Societal Risks: A Capabilities-based Approach.;Colleen Murphy|Paolo Gardoni;https://doi.org/10.1007/s11948-007-9031-8|https://www.wikidata.org/entity/Q81305817;Sci. Eng. Ethics;14;2008;Quisquam aliquam dolorem est velit eius quiquia. Dolorem labore ipsum ut modi ut quiquia adipisci. Adipisci ipsum tempora modi. Aliquam porro ipsum ut voluptatem neque eius labore. Quiquia aliquam voluptatem dolor modi. Velit tempora dolor quaerat numquam ut.;NLP
journals/see/Dennis20;Computational Goals, Values and Decision-Making.;Louise A. Dennis;https://doi.org/10.1007/s11948-020-00244-y|https://www.wikidata.org/entity/Q98199263;Sci. Eng. Ethics;26;2020;Quisquam aliquam dolorem est velit eius quiquia. Dolorem labore ipsum ut modi ut quiquia adipisci. Adipisci ipsum tempora modi. Aliquam porro ipsum ut voluptatem neque eius labore. Quiquia aliquam voluptatem dolor modi. Velit tempora dolor quaerat numquam ut.;Computer Networks|Data Mining
journals/see/Smith12;"Neuroscience, Ethics and Legal Responsibility: The Problem of the Insanity Defense - Commentary on ""The Ethics of Neuroscience and the Neuroscience of Ethics: A Phenomenological-Existential Approach"".";Steven R. Smith;https://doi.org/10.1007/s11948-012-9390-7|https://www.wikidata.org/entity/Q44045116;Sci. Eng. Ethics;18;2012;Quisquam aliquam dolorem est velit eius quiquia. Dolorem labore ipsum ut modi ut quiquia adipisci. Adipisci ipsum tempora modi. Aliquam porro ipsum ut voluptatem neque eius labore. Quiquia aliquam voluptatem dolor modi. Velit tempora dolor quaerat numquam ut.;Relational Databases|Data Engineering|Machine Learning
journals/see/LanZL21;The Rule of Virtue: A Confucian Response to the Ethical Challenges of Technocracy.;Lishan Lan|Qin Zhu|Yongmou Liu;https://doi.org/10.1007/s11948-021-00341-6;Sci. Eng. Ethics;27;2021;Quisquam aliquam dolorem est velit eius quiquia. Dolorem labore ipsum ut modi ut quiquia adipisci. Adipisci ipsum tempora modi. Aliquam porro ipsum ut voluptatem neque eius labore. Quiquia aliquam voluptatem dolor modi. Velit tempora dolor quaerat numquam ut.;Semantic Data|Data Structures|Data Mining
journals/see/NairB20;Pragmatism and Care in Engineering Ethics.;Indira Nair|William M. Bulleit;https://doi.org/10.1007/s11948-018-0080-y|https://www.wikidata.org/entity/Q90930992;Sci. Eng. Ethics;26;2020;Quisquam aliquam dolorem est velit eius quiquia. Dolorem labore ipsum ut modi ut quiquia adipisci. Adipisci ipsum tempora modi. Aliquam porro ipsum ut voluptatem neque eius labore. Quiquia aliquam voluptatem dolor modi. Velit tempora dolor quaerat numquam ut.;Data Mining|Relational Databases
journals/see/Silva18;"Reflection on the Fazlul Sarkar versus PubPeer (""John Doe"") Case.";Jaime A. Teixeira da Silva;https://doi.org/10.1007/s11948-016-9863-1|https://www.wikidata.org/entity/Q53750216;Sci. Eng. Ethics;24;2018;Quisquam aliquam dolorem est velit eius quiquia. Dolorem labore ipsum ut modi ut quiquia adipisci. Adipisci ipsum tempora modi. Aliquam porro ipsum ut voluptatem neque eius labore. Quiquia aliquam voluptatem dolor modi. Velit tempora dolor quaerat numquam ut.;Big Data|Machine Learning
journals/see/Punzi18;A Social Responsibility Guide for Engineering Students and Professionals of all Faith Traditions: An Overview.;Vito L. Punzi;https://doi.org/10.1007/s11948-017-9948-5|https://www.wikidata.org/entity/Q47776669;Sci. Eng. Ethics;24;2018;Quisquam aliquam dolorem est velit eius quiquia. Dolorem labore ipsum ut modi ut quiquia adipisci. Adipisci ipsum tempora modi. Aliquam porro ipsum ut voluptatem neque eius labore. Quiquia aliquam voluptatem dolor modi. Velit tempora dolor quaerat numquam ut.;Computer Networks
journals/see/Koepsell10;On Genies and Bottles: Scientists' Moral Responsibility and Dangerous Technology R&D.;David Koepsell;https://doi.org/10.1007/s11948-009-9158-x|https://www.wikidata.org/entity/Q33706687;Sci. Eng. Ethics;16;2010;Quisquam aliquam dolorem est velit eius quiquia. Dolorem labore ipsum ut modi ut quiquia adipisci. Adipisci ipsum tempora modi. Aliquam porro ipsum ut voluptatem neque eius labore. Quiquia aliquam voluptatem dolor modi. Velit tempora dolor quaerat numquam ut.;High Performance Computing|Computer Networks
journals/see/Frey10;Teaching Virtue: Pedagogical Implications of Moral Psychology.;William J. Frey;https://doi.org/10.1007/s11948-009-9164-z|https://www.wikidata.org/entity/Q49048410;Sci. Eng. Ethics;16;2010;Quisquam aliquam dolorem est velit eius quiquia. Dolorem labore ipsum ut modi ut quiquia adipisci. Adipisci ipsum tempora modi. Aliquam porro ipsum ut voluptatem neque eius labore. Quiquia aliquam voluptatem dolor modi. Velit tempora dolor quaerat numquam ut.;Relational Databases|High Performance Computing|Data Mining
journals/see/DehalKKS18;Mandatory Publications: An Approach to Kill 'Lack of Will' or 'Lack of Skill'?;Amarjeet Singh 0004|Kewal Krishan|Neelam Dehal|Tanuj Kanchan;https://doi.org/10.1007/s11948-017-9903-5|https://www.wikidata.org/entity/Q47225481;Sci. Eng. Ethics;24;2018;Quisquam aliquam dolorem est velit eius quiquia. Dolorem labore ipsum ut modi ut quiquia adipisci. Adipisci ipsum tempora modi. Aliquam porro ipsum ut voluptatem neque eius labore. Quiquia aliquam voluptatem dolor modi. Velit tempora dolor quaerat numquam ut.;Data Engineering
journals/see/AdamisTMM10;Ethical Research in Delirium: Arguments for Including Decisionally Incapacitated Subjects.;Adrian Treloar|Alastair J. D. Macdonald|Dimitrios Adamis|Finbarr C. Martin;https://doi.org/10.1007/s11948-009-9120-y|https://www.wikidata.org/entity/Q51871907;Sci. Eng. Ethics;16;2010;Quisquam aliquam dolorem est velit eius quiquia. Dolorem labore ipsum ut modi ut quiquia adipisci. Adipisci ipsum tempora modi. Aliquam porro ipsum ut voluptatem neque eius labore. Quiquia aliquam voluptatem dolor modi. Velit tempora dolor quaerat numquam ut.;Data Structures|Data Mining
journals/see/GarrettB07;Ethical Issues in Communicating Science.;Jinnie M. Garrett|Stephanie J. Bird;https://doi.org/10.1007/s11948-007-9016-7;Sci. Eng. Ethics;13;2007;Quisquam aliquam dolorem est velit eius quiquia. Dolorem labore ipsum ut modi ut quiquia adipisci. Adipisci ipsum tempora modi. Aliquam porro ipsum ut voluptatem neque eius labore. Quiquia aliquam voluptatem dolor modi. Velit tempora dolor quaerat numquam ut.;Computer Networks|Machine Learning
journals/see/MartinCB21;A Multi-level Review of Engineering Ethics Education: Towards a Socio-technical Orientation of Engineering Education for Ethics.;Brian Bowe|Diana Adela Martin|Eddie Conlon;https://doi.org/10.1007/s11948-021-00333-6;Sci. Eng. Ethics;27;2021;Quisquam aliquam dolorem est velit eius quiquia. Dolorem labore ipsum ut modi ut quiquia adipisci. Adipisci ipsum tempora modi. Aliquam porro ipsum ut voluptatem neque eius labore. Quiquia aliquam voluptatem dolor modi. Velit tempora dolor quaerat numquam ut.;Big Data|Data Structures
journals/see/Houdek20;Fraud and Understanding the Moral Mind: Need for Implementation of Organizational Characteristics into Behavioral Ethics.;Petr Houdek;https://doi.org/10.1007/s11948-019-00117-z|https://www.wikidata.org/entity/Q92736437;Sci. Eng. Ethics;26;2020;Quisquam aliquam dolorem est velit eius quiquia. Dolorem labore ipsum ut modi ut quiquia adipisci. Adipisci ipsum tempora modi. Aliquam porro ipsum ut voluptatem neque eius labore. Quiquia aliquam voluptatem dolor modi. Velit tempora dolor quaerat numquam ut.;Semantic Data
journals/see/TrujilloE15;Human-Animal Chimera: A Neuro Driven Discussion? Comparison of Three Leading European Research Countries.;Laura Yenisa Cabrera Trujillo|Sabrina Engel-Glatter;https://doi.org/10.1007/s11948-014-9556-6|https://www.wikidata.org/entity/Q38217150;Sci. Eng. Ethics;21;2015;Quisquam aliquam dolorem est velit eius quiquia. Dolorem labore ipsum ut modi ut quiquia adipisci. Adipisci ipsum tempora modi. Aliquam porro ipsum ut voluptatem neque eius labore. Quiquia aliquam voluptatem dolor modi. Velit tempora dolor quaerat numquam ut.;High Performance Computing|Data Mining|Relational Databases
journals/see/Attia13;Mega-Sized Concerns from the Nano-Sized World: The Intersection of Nano- and Environmental Ethics.;Peter M. Attia;https://doi.org/10.1007/s11948-012-9422-3|https://www.wikidata.org/entity/Q48339685;Sci. Eng. Ethics;19;2013;Quisquam aliquam dolorem est velit eius quiquia. Dolorem labore ipsum ut modi ut quiquia adipisci. Adipisci ipsum tempora modi. Aliquam porro ipsum ut voluptatem neque eius labore. Quiquia aliquam voluptatem dolor modi. Velit tempora dolor quaerat numquam ut.;Machine Learning
journals/see/HosseiniMBCDT20;Distinguishing Characteristics of Corruption Risks in Iranian Construction Projects: A Weighted Correlation Network Analysis.;Albert P. C. Chan|Amos Darko|Igor Martek|M. Reza Hosseini|Mahdi Tahmasebi|Saeed Banihashemi;https://doi.org/10.1007/s11948-019-00089-0|https://www.wikidata.org/entity/Q91374986;Sci. Eng. Ethics;26;2020;Quisquam aliquam dolorem est velit eius quiquia. Dolorem labore ipsum ut modi ut quiquia adipisci. Adipisci ipsum tempora modi. Aliquam porro ipsum ut voluptatem neque eius labore. Quiquia aliquam voluptatem dolor modi. Velit tempora dolor quaerat numquam ut.;Relational Databases|Big Data|Data Mining
journals/see/JensenFGMS11;Facilitating Ethical Reflection Among Scientists Using the Ethical Matrix.;Christian Gamborg|Ellen-Marie Forsberg|Karsten Klint Jensen|Kate Millar|Peter Sandøe;https://doi.org/10.1007/s11948-010-9218-2|https://www.wikidata.org/entity/Q53070734;Sci. Eng. Ethics;17;2011;Quisquam aliquam dolorem est velit eius quiquia. Dolorem labore ipsum ut modi ut quiquia adipisci. Adipisci ipsum tempora modi. Aliquam porro ipsum ut voluptatem neque eius labore. Quiquia aliquam voluptatem dolor modi. Velit tempora dolor quaerat numquam ut.;Relational Databases
journals/see/BarakG21;Applying a Social Constructivist Approach to an Online Course on Ethics of Research.;Gizell Green|Miri Barak;https://doi.org/10.1007/s11948-021-00280-2;Sci. Eng. Ethics;27;2021;Quisquam aliquam dolorem est velit eius quiquia. Dolorem labore ipsum ut modi ut quiquia adipisci. Adipisci ipsum tempora modi. Aliquam porro ipsum ut voluptatem neque eius labore. Quiquia aliquam voluptatem dolor modi. Velit tempora dolor quaerat numquam ut.;Data Engineering|Relational Databases|Computer Networks
journals/see/Rashid20;Training STEM Ph.D. Students to Deal with Moral Dilemmas.;Rafi Rashid;https://doi.org/10.1007/s11948-019-00174-4|https://www.wikidata.org/entity/Q92485691;Sci. Eng. Ethics;26;2020;Quisquam aliquam dolorem est velit eius quiquia. Dolorem labore ipsum ut modi ut quiquia adipisci. Adipisci ipsum tempora modi. Aliquam porro ipsum ut voluptatem neque eius labore. Quiquia aliquam voluptatem dolor modi. Velit tempora dolor quaerat numquam ut.;Relational Databases|NLP|High Performance Computing
journals/see/SpierB14;Science and Engineering Ethics Enters its Third Decade.;Raymond E. Spier|Stephanie J. Bird;https://doi.org/10.1007/s11948-014-9527-y|https://www.wikidata.org/entity/Q53621942;Sci. Eng. Ethics;20;2014;Quisquam aliquam dolorem est velit eius quiquia. Dolorem labore ipsum ut modi ut quiquia adipisci. Adipisci ipsum tempora modi. Aliquam porro ipsum ut voluptatem neque eius labore. Quiquia aliquam voluptatem dolor modi. Velit tempora dolor quaerat numquam ut.;Relational Databases|Big Data
journals/see/DorePF19;Italian Adagio: Every Law has Its Loophole.;Fabrizia Faustinella|Giovanni M. Pes|Maria Pina Dore;https://doi.org/10.1007/s11948-018-0031-7|https://www.wikidata.org/entity/Q49949488;Sci. Eng. Ethics;25;2019;Quisquam aliquam dolorem est velit eius quiquia. Dolorem labore ipsum ut modi ut quiquia adipisci. Adipisci ipsum tempora modi. Aliquam porro ipsum ut voluptatem neque eius labore. Quiquia aliquam voluptatem dolor modi. Velit tempora dolor quaerat numquam ut.;Machine Learning|Relational Databases
journals/see/Olson10;Developing a Framework for Assessing Responsible Conduct of Research Education Programs.;Lynne E. Olson;https://doi.org/10.1007/s11948-010-9196-4|https://www.wikidata.org/entity/Q48229165;Sci. Eng. Ethics;16;2010;Quisquam aliquam dolorem est velit eius quiquia. Dolorem labore ipsum ut modi ut quiquia adipisci. Adipisci ipsum tempora modi. Aliquam porro ipsum ut voluptatem neque eius labore. Quiquia aliquam voluptatem dolor modi. Velit tempora dolor quaerat numquam ut.;Computer Networks
journals/see/KalichmanPB12;Editors' Overview: Neuroethics: Many Voices and Many Stories.;Dena Plemmons|Michael W. Kalichman|Stephanie J. Bird;https://doi.org/10.1007/s11948-012-9398-z|https://www.wikidata.org/entity/Q36354364;Sci. Eng. Ethics;18;2012;Quisquam aliquam dolorem est velit eius quiquia. Dolorem labore ipsum ut modi ut quiquia adipisci. Adipisci ipsum tempora modi. Aliquam porro ipsum ut voluptatem neque eius labore. Quiquia aliquam voluptatem dolor modi. Velit tempora dolor quaerat numquam ut.;Semantic Data
journals/see/KoepsellBP15;Human Participants in Engineering Research: Notes from a Fledgling Ethics Committee.;David Koepsell|Sylvia C. Pont|Willem-Paul Brinkman;https://doi.org/10.1007/s11948-014-9568-2|https://www.wikidata.org/entity/Q38221031;Sci. Eng. Ethics;21;2015;Quisquam aliquam dolorem est velit eius quiquia. Dolorem labore ipsum ut modi ut quiquia adipisci. Adipisci ipsum tempora modi. Aliquam porro ipsum ut voluptatem neque eius labore. Quiquia aliquam voluptatem dolor modi. Velit tempora dolor quaerat numquam ut.;Relational Databases|Computer Networks
journals/see/Stroth16;The Central Importance of Laboratories for Reducing Waste in Biomedical Research.;Nikolas Stroth;https://doi.org/10.1007/s11948-015-9738-x|https://www.wikidata.org/entity/Q48525086;Sci. Eng. Ethics;22;2016;Quisquam aliquam dolorem est velit eius quiquia. Dolorem labore ipsum ut modi ut quiquia adipisci. Adipisci ipsum tempora modi. Aliquam porro ipsum ut voluptatem neque eius labore. Quiquia aliquam voluptatem dolor modi. Velit tempora dolor quaerat numquam ut.;Data Engineering|Computer Networks|High Performance Computing
journals/see/KliestikovaKMCK18;Aspects of Morality and Law Enforcement in Today's Science in Post-Soviet Countries.;Anna Krizanova|Jana Kliestikova|Maria Misankova|Tatiana Corejova|Tomas Kliestik;https://doi.org/10.1007/s11948-017-9988-x|https://www.wikidata.org/entity/Q43925679;Sci. Eng. Ethics;24;2018;Quisquam aliquam dolorem est velit eius quiquia. Dolorem labore ipsum ut modi ut quiquia adipisci. Adipisci ipsum tempora modi. Aliquam porro ipsum ut voluptatem neque eius labore. Quiquia aliquam voluptatem dolor modi. Velit tempora dolor quaerat numquam ut.;Relational Databases
journals/see/Miller19;Whither the University? Universities of Technology and the Problem of Institutional Purpose.;Seumas Miller;https://doi.org/10.1007/s11948-019-00147-7|https://www.wikidata.org/entity/Q92224924;Sci. Eng. Ethics;25;2019;Quisquam aliquam dolorem est velit eius quiquia. Dolorem labore ipsum ut modi ut quiquia adipisci. Adipisci ipsum tempora modi. Aliquam porro ipsum ut voluptatem neque eius labore. Quiquia aliquam voluptatem dolor modi. Velit tempora dolor quaerat numquam ut.;Computer Networks|Relational Databases
journals/see/Cheruvalath19;Does Studying 'Ethics' Improve Engineering Students' Meta-Moral Cognitive Skills?;Reena Cheruvalath;https://doi.org/10.1007/s11948-017-0009-x|https://www.wikidata.org/entity/Q47270751;Sci. Eng. Ethics;25;2019;Quisquam aliquam dolorem est velit eius quiquia. Dolorem labore ipsum ut modi ut quiquia adipisci. Adipisci ipsum tempora modi. Aliquam porro ipsum ut voluptatem neque eius labore. Quiquia aliquam voluptatem dolor modi. Velit tempora dolor quaerat numquam ut.;Data Engineering|Machine Learning|Big Data
journals/see/Son08;Philosophy of Technology and Macro-ethics in Engineering.;Wha-Chul Son;https://doi.org/10.1007/s11948-008-9066-5|https://www.wikidata.org/entity/Q30368960;Sci. Eng. Ethics;14;2008;Quisquam aliquam dolorem est velit eius quiquia. Dolorem labore ipsum ut modi ut quiquia adipisci. Adipisci ipsum tempora modi. Aliquam porro ipsum ut voluptatem neque eius labore. Quiquia aliquam voluptatem dolor modi. Velit tempora dolor quaerat numquam ut.;Data Mining|Data Engineering|Semantic Data
journals/see/GilbertOMD18;Print Me an Organ? Ethical and Regulatory Issues Emerging from 3D Bioprinting in Medicine.;Cathal D. O'Connell|Frédéric Gilbert 0003|Susan Dodds|Tajanka Mladenovska;https://doi.org/10.1007/s11948-017-9874-6|https://www.wikidata.org/entity/Q42696042;Sci. Eng. Ethics;24;2018;Quisquam aliquam dolorem est velit eius quiquia. Dolorem labore ipsum ut modi ut quiquia adipisci. Adipisci ipsum tempora modi. Aliquam porro ipsum ut voluptatem neque eius labore. Quiquia aliquam voluptatem dolor modi. Velit tempora dolor quaerat numquam ut.;Data Structures|Machine Learning
journals/see/ErrenSM16;Analyzing the Publish-or-Perish Paradigm with Game Theory: The Prisoner's Dilemma and a Possible Escape.;David M. Shaw|Peter Morfeld|Thomas C. Erren;https://doi.org/10.1007/s11948-015-9701-x|https://www.wikidata.org/entity/Q41367526;Sci. Eng. Ethics;22;2016;Quisquam aliquam dolorem est velit eius quiquia. Dolorem labore ipsum ut modi ut quiquia adipisci. Adipisci ipsum tempora modi. Aliquam porro ipsum ut voluptatem neque eius labore. Quiquia aliquam voluptatem dolor modi. Velit tempora dolor quaerat numquam ut.;Semantic Data
journals/see/NicolosiR13;Re-skilling the Social Practices: Open Source and Life-Towards a Commons-Based Peer Production in Agro-biotechnology?;Guido Nicolosi|Guido Ruivenkamp;https://doi.org/10.1007/s11948-012-9405-4|https://www.wikidata.org/entity/Q30422774;Sci. Eng. Ethics;19;2013;Quisquam aliquam dolorem est velit eius quiquia. Dolorem labore ipsum ut modi ut quiquia adipisci. Adipisci ipsum tempora modi. Aliquam porro ipsum ut voluptatem neque eius labore. Quiquia aliquam voluptatem dolor modi. Velit tempora dolor quaerat numquam ut.;NLP|Big Data
journals/see/Wikman-SvahnL19;Toward a Responsibility-Catering Prioritarian Ethical Theory of Risk.;Lars Lindblom|Per Wikman-Svahn;https://doi.org/10.1007/s11948-018-0036-2|https://www.wikidata.org/entity/Q58657916;Sci. Eng. Ethics;25;2019;Quisquam aliquam dolorem est velit eius quiquia. Dolorem labore ipsum ut modi ut quiquia adipisci. Adipisci ipsum tempora modi. Aliquam porro ipsum ut voluptatem neque eius labore. Quiquia aliquam voluptatem dolor modi. Velit tempora dolor quaerat numquam ut.;Big Data|Semantic Data|Data Structures
journals/see/Taylor09;Scientific Self-Regulation - So Good, How Can it Fail?;Patrick L. Taylor;https://doi.org/10.1007/s11948-009-9123-8|https://www.wikidata.org/entity/Q53108324;Sci. Eng. Ethics;15;2009;Quisquam aliquam dolorem est velit eius quiquia. Dolorem labore ipsum ut modi ut quiquia adipisci. Adipisci ipsum tempora modi. Aliquam porro ipsum ut voluptatem neque eius labore. Quiquia aliquam voluptatem dolor modi. Velit tempora dolor quaerat numquam ut.;Data Engineering
journals/see/SemendeferiTDP16;Connecting Past with Present: A Mixed-Methods Science Ethics Course and its Evaluation.;Ioanna Semendeferi|Ioannis T. Pavlidis|Malcolm Dcosta|Panagiotis Tsiamyrtzis;https://doi.org/10.1007/s11948-015-9626-4|https://www.wikidata.org/entity/Q47436915;Sci. Eng. Ethics;22;2016;Quisquam aliquam dolorem est velit eius quiquia. Dolorem labore ipsum ut modi ut quiquia adipisci. Adipisci ipsum tempora modi. Aliquam porro ipsum ut voluptatem neque eius labore. Quiquia aliquam voluptatem dolor modi. Velit tempora dolor quaerat numquam ut.;Data Structures|Data Mining|Big Data
journals/see/FlipseSO13;The Why and How of Enabling the Integration of Social and Ethical Aspects in Research and Development.;Maarten C. A. van der Sanden|Patricia Osseweijer|Steven M. Flipse;https://doi.org/10.1007/s11948-012-9423-2|https://www.wikidata.org/entity/Q45768637;Sci. Eng. Ethics;19;2013;Quisquam aliquam dolorem est velit eius quiquia. Dolorem labore ipsum ut modi ut quiquia adipisci. Adipisci ipsum tempora modi. Aliquam porro ipsum ut voluptatem neque eius labore. Quiquia aliquam voluptatem dolor modi. Velit tempora dolor quaerat numquam ut.;Data Engineering
journals/see/Berger15;Conflicts of Interest, Selective Inertia, and Research Malpractice in Randomized Clinical Trials: An Unholy Trinity.;Vance W. Berger;https://doi.org/10.1007/s11948-014-9576-2|https://www.wikidata.org/entity/Q24289463;Sci. Eng. Ethics;21;2015;Quisquam aliquam dolorem est velit eius quiquia. Dolorem labore ipsum ut modi ut quiquia adipisci. Adipisci ipsum tempora modi. Aliquam porro ipsum ut voluptatem neque eius labore. Quiquia aliquam voluptatem dolor modi. Velit tempora dolor quaerat numquam ut.;Semantic Data
journals/see/Hansson11;Do we Need a Special Ethics for Research?;Sven Ove Hansson;https://doi.org/10.1007/s11948-009-9186-6|https://www.wikidata.org/entity/Q39925740;Sci. Eng. Ethics;17;2011;Quisquam aliquam dolorem est velit eius quiquia. Dolorem labore ipsum ut modi ut quiquia adipisci. Adipisci ipsum tempora modi. Aliquam porro ipsum ut voluptatem neque eius labore. Quiquia aliquam voluptatem dolor modi. Velit tempora dolor quaerat numquam ut.;Data Mining
journals/see/CurzerPWP16;The Three Rs of Animal Research: What they Mean for the Institutional Animal Care and Use Committee and Why.;Dan Perry|Gad Perry|Howard J. Curzer|Mark C. Wallace;https://doi.org/10.1007/s11948-015-9659-8|https://www.wikidata.org/entity/Q30375120;Sci. Eng. Ethics;22;2016;Quisquam aliquam dolorem est velit eius quiquia. Dolorem labore ipsum ut modi ut quiquia adipisci. Adipisci ipsum tempora modi. Aliquam porro ipsum ut voluptatem neque eius labore. Quiquia aliquam voluptatem dolor modi. Velit tempora dolor quaerat numquam ut.;Data Structures
journals/see/Varelius08;Ethics Consultation and Autonomy.;Jukka Varelius;https://doi.org/10.1007/s11948-007-9033-6|https://www.wikidata.org/entity/Q50910502;Sci. Eng. Ethics;14;2008;Quisquam aliquam dolorem est velit eius quiquia. Dolorem labore ipsum ut modi ut quiquia adipisci. Adipisci ipsum tempora modi. Aliquam porro ipsum ut voluptatem neque eius labore. Quiquia aliquam voluptatem dolor modi. Velit tempora dolor quaerat numquam ut.;Data Engineering
journals/see/PlougH14;Agreeing in Ignorance: Mapping the Routinisation of Consent in ICT-Services.;Søren Holm|Thomas Ploug;https://doi.org/10.1007/s11948-013-9492-x|https://www.wikidata.org/entity/Q57303007;Sci. Eng. Ethics;20;2014;Quisquam aliquam dolorem est velit eius quiquia. Dolorem labore ipsum ut modi ut quiquia adipisci. Adipisci ipsum tempora modi. Aliquam porro ipsum ut voluptatem neque eius labore. Quiquia aliquam voluptatem dolor modi. Velit tempora dolor quaerat numquam ut.;Semantic Data
journals/see/AkozerA16;Basing Science Ethics on Respect for Human Dignity.;Emel Aközer|Mehmet Aközer;https://doi.org/10.1007/s11948-015-9731-4|https://www.wikidata.org/entity/Q58659024;Sci. Eng. Ethics;22;2016;Quisquam aliquam dolorem est velit eius quiquia. Dolorem labore ipsum ut modi ut quiquia adipisci. Adipisci ipsum tempora modi. Aliquam porro ipsum ut voluptatem neque eius labore. Quiquia aliquam voluptatem dolor modi. Velit tempora dolor quaerat numquam ut.;Semantic Data|Relational Databases
journals/see/Oksvold16;Incidence of Data Duplications in a Randomly Selected Pool of Life Science Publications.;Morten P. Oksvold;https://doi.org/10.1007/s11948-015-9668-7|https://www.wikidata.org/entity/Q30969930;Sci. Eng. Ethics;22;2016;Quisquam aliquam dolorem est velit eius quiquia. Dolorem labore ipsum ut modi ut quiquia adipisci. Adipisci ipsum tempora modi. Aliquam porro ipsum ut voluptatem neque eius labore. Quiquia aliquam voluptatem dolor modi. Velit tempora dolor quaerat numquam ut.;NLP|Semantic Data
journals/see/HevelkeN15;Responsibility for Crashes of Autonomous Vehicles: An Ethical Analysis.;Alexander Hevelke|Julian Nida-Rümelin;https://doi.org/10.1007/s11948-014-9565-5|https://www.wikidata.org/entity/Q40636825;Sci. Eng. Ethics;21;2015;Quisquam aliquam dolorem est velit eius quiquia. Dolorem labore ipsum ut modi ut quiquia adipisci. Adipisci ipsum tempora modi. Aliquam porro ipsum ut voluptatem neque eius labore. Quiquia aliquam voluptatem dolor modi. Velit tempora dolor quaerat numquam ut.;High Performance Computing
journals/see/HorvatMOS16;An Analysis of Medical Laboratory Technology Journals' Instructions for Authors.;Ana Mlinaric|Jelena Omazic|Martina Horvat|Vesna Supak-Smolcic;https://doi.org/10.1007/s11948-015-9689-2|https://www.wikidata.org/entity/Q47998475;Sci. Eng. Ethics;22;2016;Quisquam aliquam dolorem est velit eius quiquia. Dolorem labore ipsum ut modi ut quiquia adipisci. Adipisci ipsum tempora modi. Aliquam porro ipsum ut voluptatem neque eius labore. Quiquia aliquam voluptatem dolor modi. Velit tempora dolor quaerat numquam ut.;Relational Databases
journals/see/WicksonF15;Standardising Responsibility? The Significance of Interstitial Spaces.;Ellen-Marie Forsberg|Fern Wickson;https://doi.org/10.1007/s11948-014-9602-4|https://www.wikidata.org/entity/Q48061755;Sci. Eng. Ethics;21;2015;Quisquam aliquam dolorem est velit eius quiquia. Dolorem labore ipsum ut modi ut quiquia adipisci. Adipisci ipsum tempora modi. Aliquam porro ipsum ut voluptatem neque eius labore. Quiquia aliquam voluptatem dolor modi. Velit tempora dolor quaerat numquam ut.;Data Structures
journals/see/SmithWMLSPSR20;Misconduct and Misbehavior Related to Authorship Disagreements in Collaborative Science.;Adèle Paul-Hus|Bryn Williams-Jones|Cassidy R. Sugimoto|David B. Resnik|Elise Smith|Min Shi|Vincent Larivière|Zubin Master;https://doi.org/10.1007/s11948-019-00112-4|https://www.wikidata.org/entity/Q92506302;Sci. Eng. Ethics;26;2020;Quisquam aliquam dolorem est velit eius quiquia. Dolorem labore ipsum ut modi ut quiquia adipisci. Adipisci ipsum tempora modi. Aliquam porro ipsum ut voluptatem neque eius labore. Quiquia aliquam voluptatem dolor modi. Velit tempora dolor quaerat numquam ut.;Data Structures|Semantic Data
journals/see/Davis19;Temporal Limits on What Engineers Can Plan.;Michael Davis 0002;https://doi.org/10.1007/s11948-019-00124-0|https://www.wikidata.org/entity/Q92329543;Sci. Eng. Ethics;25;2019;Quisquam aliquam dolorem est velit eius quiquia. Dolorem labore ipsum ut modi ut quiquia adipisci. Adipisci ipsum tempora modi. Aliquam porro ipsum ut voluptatem neque eius labore. Quiquia aliquam voluptatem dolor modi. Velit tempora dolor quaerat numquam ut.;Machine Learning|Semantic Data
journals/see/EversFMM15;Deliberate Microbial Infection Research Reveals Limitations to Current Safety Protections of Healthy Human Subjects.;Carol B. Fowler|David L. Evers|Jeffrey T. Mason|Rebecca K. Mimnall;https://doi.org/10.1007/s11948-014-9579-z|https://www.wikidata.org/entity/Q38242596;Sci. Eng. Ethics;21;2015;Quisquam aliquam dolorem est velit eius quiquia. Dolorem labore ipsum ut modi ut quiquia adipisci. Adipisci ipsum tempora modi. Aliquam porro ipsum ut voluptatem neque eius labore. Quiquia aliquam voluptatem dolor modi. Velit tempora dolor quaerat numquam ut.;NLP|Computer Networks|Big Data
journals/see/OwusuCSP20;An Empirical Study on Construction Process Corruption Susceptibility: A Vignette of International Expertise.;Albert P. C. Chan|Emmanuel Kingsford Owusu|Erika Pärn|Ming Shan;https://doi.org/10.1007/s11948-019-00083-6|https://www.wikidata.org/entity/Q92346366;Sci. Eng. Ethics;26;2020;Quisquam aliquam dolorem est velit eius quiquia. Dolorem labore ipsum ut modi ut quiquia adipisci. Adipisci ipsum tempora modi. Aliquam porro ipsum ut voluptatem neque eius labore. Quiquia aliquam voluptatem dolor modi. Velit tempora dolor quaerat numquam ut.;Semantic Data|High Performance Computing|Data Structures
journals/see/Cohen-Almagor15;Press Self-Regulation in Britain: A Critique.;Raphael Cohen-Almagor;https://doi.org/10.1007/s11948-014-9538-8|https://www.wikidata.org/entity/Q38200544;Sci. Eng. Ethics;21;2015;Quisquam aliquam dolorem est velit eius quiquia. Dolorem labore ipsum ut modi ut quiquia adipisci. Adipisci ipsum tempora modi. Aliquam porro ipsum ut voluptatem neque eius labore. Quiquia aliquam voluptatem dolor modi. Velit tempora dolor quaerat numquam ut.;Machine Learning|NLP
journals/see/NewberryALGD11;Acclimating International Graduate Students to Professional Engineering Ethics.;Byron Newberry|Greta Gorsuch|Katherine A. Austin|Thomas Darwin|William D. Lawson;https://doi.org/10.1007/s11948-009-9178-6|https://www.wikidata.org/entity/Q47438541;Sci. Eng. Ethics;17;2011;Quisquam aliquam dolorem est velit eius quiquia. Dolorem labore ipsum ut modi ut quiquia adipisci. Adipisci ipsum tempora modi. Aliquam porro ipsum ut voluptatem neque eius labore. Quiquia aliquam voluptatem dolor modi. Velit tempora dolor quaerat numquam ut.;NLP
journals/see/Sio21a;Correction to: Mark Coeckelbergh, AI Ethics, Mit Press, 2021.;Filippo Santoni de Sio;https://doi.org/10.1007/s11948-021-00337-2;Sci. Eng. Ethics;27;2021;Quisquam aliquam dolorem est velit eius quiquia. Dolorem labore ipsum ut modi ut quiquia adipisci. Adipisci ipsum tempora modi. Aliquam porro ipsum ut voluptatem neque eius labore. Quiquia aliquam voluptatem dolor modi. Velit tempora dolor quaerat numquam ut.;Data Mining
journals/see/CoeckelberghPSP16;A Survey of Expectations About the Role of Robots in Robot-Assisted Therapy for Children with ASD: Ethical Acceptability, Trust, Sociability, Appearance, and Attachment.;Andreea Peca|Bram Vanderborght|Cristina Pop 0002|Daniel O. David|Mark Coeckelbergh|Ramona Simut|Sebastian Pintea;https://doi.org/10.1007/s11948-015-9649-x|https://www.wikidata.org/entity/Q50312205;Sci. Eng. Ethics;22;2016;Quisquam aliquam dolorem est velit eius quiquia. Dolorem labore ipsum ut modi ut quiquia adipisci. Adipisci ipsum tempora modi. Aliquam porro ipsum ut voluptatem neque eius labore. Quiquia aliquam voluptatem dolor modi. Velit tempora dolor quaerat numquam ut.;Machine Learning|Data Structures|Data Mining
journals/see/Heilmann17;Values in Time Discounting.;Conrad Heilmann;https://doi.org/10.1007/s11948-017-9950-y|https://www.wikidata.org/entity/Q42374920;Sci. Eng. Ethics;23;2017;Quisquam aliquam dolorem est velit eius quiquia. Dolorem labore ipsum ut modi ut quiquia adipisci. Adipisci ipsum tempora modi. Aliquam porro ipsum ut voluptatem neque eius labore. Quiquia aliquam voluptatem dolor modi. Velit tempora dolor quaerat numquam ut.;Computer Networks
journals/see/MillerWG17;"This ""Ethical Trap"" Is for Roboticists, Not Robots: On the Issue of Artificial Agent Ethical Decision-Making.";Frances S. Grodzinsky|Keith W. Miller 0001|Marty J. Wolf;https://doi.org/10.1007/s11948-016-9785-y|https://www.wikidata.org/entity/Q30387365;Sci. Eng. Ethics;23;2017;Quisquam aliquam dolorem est velit eius quiquia. Dolorem labore ipsum ut modi ut quiquia adipisci. Adipisci ipsum tempora modi. Aliquam porro ipsum ut voluptatem neque eius labore. Quiquia aliquam voluptatem dolor modi. Velit tempora dolor quaerat numquam ut.;Semantic Data|Computer Networks
journals/see/Moskovitz19;Text Recycling in Scientific Writing.;Cary Moskovitz;https://doi.org/10.1007/s11948-017-0008-y|https://www.wikidata.org/entity/Q52353416;Sci. Eng. Ethics;25;2019;Quisquam aliquam dolorem est velit eius quiquia. Dolorem labore ipsum ut modi ut quiquia adipisci. Adipisci ipsum tempora modi. Aliquam porro ipsum ut voluptatem neque eius labore. Quiquia aliquam voluptatem dolor modi. Velit tempora dolor quaerat numquam ut.;Big Data|NLP|Data Mining
journals/see/CrainMT13;Relationships Between the Survey of Organizational Research Climate (SORC) and Self-Reported Research Practices.;A. Lauren Crain|Brian C. Martinson|Carol R. Thrush;https://doi.org/10.1007/s11948-012-9409-0|https://www.wikidata.org/entity/Q36674913;Sci. Eng. Ethics;19;2013;Quisquam aliquam dolorem est velit eius quiquia. Dolorem labore ipsum ut modi ut quiquia adipisci. Adipisci ipsum tempora modi. Aliquam porro ipsum ut voluptatem neque eius labore. Quiquia aliquam voluptatem dolor modi. Velit tempora dolor quaerat numquam ut.;Data Structures|Machine Learning
journals/see/RasmussenWHBD20;Authorship Policies at U.S. Doctoral Universities: A Review and Recommendations for Future Policies.;Bailey C. Davis|Courtney E. Williams|George C. Banks|Lisa M. Rasmussen|Mary M. Hausfeld;https://doi.org/10.1007/s11948-020-00273-7|https://www.wikidata.org/entity/Q102202131;Sci. Eng. Ethics;26;2020;Quisquam aliquam dolorem est velit eius quiquia. Dolorem labore ipsum ut modi ut quiquia adipisci. Adipisci ipsum tempora modi. Aliquam porro ipsum ut voluptatem neque eius labore. Quiquia aliquam voluptatem dolor modi. Velit tempora dolor quaerat numquam ut.;Data Mining|Relational Databases
journals/see/Schomberg11;"On Identifying Plausibility and Deliberative Public Policy - Commentary on: ""Negotiating Plausibility: Intervening in the Future of Nanotechnology"".";René von Schomberg;https://doi.org/10.1007/s11948-011-9305-z|https://www.wikidata.org/entity/Q39713063;Sci. Eng. Ethics;17;2011;Quisquam aliquam dolorem est velit eius quiquia. Dolorem labore ipsum ut modi ut quiquia adipisci. Adipisci ipsum tempora modi. Aliquam porro ipsum ut voluptatem neque eius labore. Quiquia aliquam voluptatem dolor modi. Velit tempora dolor quaerat numquam ut.;Data Structures|Computer Networks|Semantic Data
journals/see/BrandlWNRSFFNM20;AMICAI: A Method Based on Risk Analysis to Integrate Responsible Research and Innovation into the Work of Research and Innovation Practitioners.;Alexander Mertens|Christopher Brandl|Frank Ole Flemisch|Jochen Nelles|Katharina Schäfer|Martin Frenz|Matthias Wille|Peter Rasche|Verena Nitsch;https://doi.org/10.1007/s11948-019-00114-2|https://www.wikidata.org/entity/Q92736453;Sci. Eng. Ethics;26;2020;Quisquam aliquam dolorem est velit eius quiquia. Dolorem labore ipsum ut modi ut quiquia adipisci. Adipisci ipsum tempora modi. Aliquam porro ipsum ut voluptatem neque eius labore. Quiquia aliquam voluptatem dolor modi. Velit tempora dolor quaerat numquam ut.;NLP|Big Data|High Performance Computing
journals/see/LiF12;A Systematic Approach to Engineering Ethics Education.;Jessica Li|Shengli Fu;https://doi.org/10.1007/s11948-010-9249-8|https://www.wikidata.org/entity/Q48747772;Sci. Eng. Ethics;18;2012;Quisquam aliquam dolorem est velit eius quiquia. Dolorem labore ipsum ut modi ut quiquia adipisci. Adipisci ipsum tempora modi. Aliquam porro ipsum ut voluptatem neque eius labore. Quiquia aliquam voluptatem dolor modi. Velit tempora dolor quaerat numquam ut.;NLP|Data Mining
journals/see/McComas12;Researcher Views About Funding Sources and Conflicts of Interest in Nanotechnology.;Katherine A. McComas;https://doi.org/10.1007/s11948-011-9264-4|https://www.wikidata.org/entity/Q34025787;Sci. Eng. Ethics;18;2012;Quisquam aliquam dolorem est velit eius quiquia. Dolorem labore ipsum ut modi ut quiquia adipisci. Adipisci ipsum tempora modi. Aliquam porro ipsum ut voluptatem neque eius labore. Quiquia aliquam voluptatem dolor modi. Velit tempora dolor quaerat numquam ut.;Data Mining|High Performance Computing|Data Structures
journals/see/Greenspan12;Biological Indeterminacy.;Ralph J. Greenspan;https://doi.org/10.1007/s11948-012-9379-2|https://www.wikidata.org/entity/Q46268833;Sci. Eng. Ethics;18;2012;Quisquam aliquam dolorem est velit eius quiquia. Dolorem labore ipsum ut modi ut quiquia adipisci. Adipisci ipsum tempora modi. Aliquam porro ipsum ut voluptatem neque eius labore. Quiquia aliquam voluptatem dolor modi. Velit tempora dolor quaerat numquam ut.;Data Mining|Semantic Data
journals/see/ForsbergHNO18;Patent Ethics: The Misalignment of Views Between the Patent System and the Wider Society.;Anders Braarud Hanssen|Ellen-Marie Forsberg|Hanne Marie Nielsen|Ingrid Olesen;https://doi.org/10.1007/s11948-017-9956-5|https://www.wikidata.org/entity/Q48233164;Sci. Eng. Ethics;24;2018;Quisquam aliquam dolorem est velit eius quiquia. Dolorem labore ipsum ut modi ut quiquia adipisci. Adipisci ipsum tempora modi. Aliquam porro ipsum ut voluptatem neque eius labore. Quiquia aliquam voluptatem dolor modi. Velit tempora dolor quaerat numquam ut.;High Performance Computing
journals/see/GuntzburgerPT19;Empowering Engineering Students in Ethical Risk Management: An Experimental Study.;Philippe A. Tanguy|Thierry C. Pauchant|Yoann Guntzburger;https://doi.org/10.1007/s11948-018-0044-2|https://www.wikidata.org/entity/Q58657909;Sci. Eng. Ethics;25;2019;Quisquam aliquam dolorem est velit eius quiquia. Dolorem labore ipsum ut modi ut quiquia adipisci. Adipisci ipsum tempora modi. Aliquam porro ipsum ut voluptatem neque eius labore. Quiquia aliquam voluptatem dolor modi. Velit tempora dolor quaerat numquam ut.;NLP|Data Structures|Computer Networks
journals/see/BaldiniBNT18;Ethical Design in the Internet of Things.;Gianmarco Baldini|Maarten Botterman|Mariachiara Tallacchini|Ricardo Neisse;https://doi.org/10.1007/s11948-016-9754-5|https://www.wikidata.org/entity/Q40075407;Sci. Eng. Ethics;24;2018;Quisquam aliquam dolorem est velit eius quiquia. Dolorem labore ipsum ut modi ut quiquia adipisci. Adipisci ipsum tempora modi. Aliquam porro ipsum ut voluptatem neque eius labore. Quiquia aliquam voluptatem dolor modi. Velit tempora dolor quaerat numquam ut.;NLP|High Performance Computing
journals/see/Varelius15;Is the Non-rivalrousness of Intellectual Objects a Problem for the Moral Justification of Economic Rights to Intellectual Property?;Jukka Varelius;https://doi.org/10.1007/s11948-014-9574-4|https://www.wikidata.org/entity/Q48071530;Sci. Eng. Ethics;21;2015;Quisquam aliquam dolorem est velit eius quiquia. Dolorem labore ipsum ut modi ut quiquia adipisci. Adipisci ipsum tempora modi. Aliquam porro ipsum ut voluptatem neque eius labore. Quiquia aliquam voluptatem dolor modi. Velit tempora dolor quaerat numquam ut.;High Performance Computing
journals/see/IencaWJKE18;Ethical Design of Intelligent Assistive Technologies for Dementia: A Descriptive Review.;Bernice Elger|Fabrice Jotterand|Marcello Ienca|Reto W. Kressig|Tenzin Wangmo;https://doi.org/10.1007/s11948-017-9976-1|https://www.wikidata.org/entity/Q47550868;Sci. Eng. Ethics;24;2018;Quisquam aliquam dolorem est velit eius quiquia. Dolorem labore ipsum ut modi ut quiquia adipisci. Adipisci ipsum tempora modi. Aliquam porro ipsum ut voluptatem neque eius labore. Quiquia aliquam voluptatem dolor modi. Velit tempora dolor quaerat numquam ut.;Computer Networks|Big Data|Machine Learning
journals/see/Sari17;E-Government Attempts in Small Island Developing States: The Rate of Corruption with Virtualization.;Arif Sari;https://doi.org/10.1007/s11948-016-9848-0|https://www.wikidata.org/entity/Q39044152;Sci. Eng. Ethics;23;2017;Quisquam aliquam dolorem est velit eius quiquia. Dolorem labore ipsum ut modi ut quiquia adipisci. Adipisci ipsum tempora modi. Aliquam porro ipsum ut voluptatem neque eius labore. Quiquia aliquam voluptatem dolor modi. Velit tempora dolor quaerat numquam ut.;Relational Databases|High Performance Computing
journals/see/Haskova17;Holistic Assessment and Ethical Disputation on a New Trend in Solid Biofuels.;Simona Hasková;https://doi.org/10.1007/s11948-016-9790-1|https://www.wikidata.org/entity/Q58658554;Sci. Eng. Ethics;23;2017;Quisquam aliquam dolorem est velit eius quiquia. Dolorem labore ipsum ut modi ut quiquia adipisci. Adipisci ipsum tempora modi. Aliquam porro ipsum ut voluptatem neque eius labore. Quiquia aliquam voluptatem dolor modi. Velit tempora dolor quaerat numquam ut.;Data Structures
journals/see/Zheng16;Some Ethical Concerns About Human Induced Pluripotent Stem Cells.;Yue Liang Zheng;https://doi.org/10.1007/s11948-015-9693-6|https://www.wikidata.org/entity/Q56765219;Sci. Eng. Ethics;22;2016;Quisquam aliquam dolorem est velit eius quiquia. Dolorem labore ipsum ut modi ut quiquia adipisci. Adipisci ipsum tempora modi. Aliquam porro ipsum ut voluptatem neque eius labore. Quiquia aliquam voluptatem dolor modi. Velit tempora dolor quaerat numquam ut.;Semantic Data
journals/see/VochozkaSM18;Uncovering a New Moral Dilemma of Economic Optimization in Biotechnological Processing.;Anna Marousková|Marek Vochozka|Vojtech Stehel;https://doi.org/10.1007/s11948-017-9925-z|https://www.wikidata.org/entity/Q40477254;Sci. Eng. Ethics;24;2018;Quisquam aliquam dolorem est velit eius quiquia. Dolorem labore ipsum ut modi ut quiquia adipisci. Adipisci ipsum tempora modi. Aliquam porro ipsum ut voluptatem neque eius labore. Quiquia aliquam voluptatem dolor modi. Velit tempora dolor quaerat numquam ut.;NLP|Data Structures
journals/see/BezuidenhoutQS20;"""Ethics When You Least Expect It"": A Modular Approach to Short Course Data Ethics Instruction.";Hugh P. Shanahan|Louise Bezuidenhout|Robert Quick;https://doi.org/10.1007/s11948-020-00197-2|https://www.wikidata.org/entity/Q89749635;Sci. Eng. Ethics;26;2020;Quisquam aliquam dolorem est velit eius quiquia. Dolorem labore ipsum ut modi ut quiquia adipisci. Adipisci ipsum tempora modi. Aliquam porro ipsum ut voluptatem neque eius labore. Quiquia aliquam voluptatem dolor modi. Velit tempora dolor quaerat numquam ut.;Relational Databases|Big Data|Computer Networks
journals/see/Nyholm18;Attributing Agency to Automated Systems: Reflections on Human-Robot Collaborations and Responsibility-Loci.;Sven Nyholm;https://doi.org/10.1007/s11948-017-9943-x|https://www.wikidata.org/entity/Q48104935;Sci. Eng. Ethics;24;2018;Quisquam aliquam dolorem est velit eius quiquia. Dolorem labore ipsum ut modi ut quiquia adipisci. Adipisci ipsum tempora modi. Aliquam porro ipsum ut voluptatem neque eius labore. Quiquia aliquam voluptatem dolor modi. Velit tempora dolor quaerat numquam ut.;Machine Learning|Data Engineering
journals/see/Moskovitz19a;Publisher Correction to: Text Recycling in Scientific Writing.;Cary Moskovitz;https://doi.org/10.1007/s11948-018-0060-2|https://www.wikidata.org/entity/Q89287492;Sci. Eng. Ethics;25;2019;Quisquam aliquam dolorem est velit eius quiquia. Dolorem labore ipsum ut modi ut quiquia adipisci. Adipisci ipsum tempora modi. Aliquam porro ipsum ut voluptatem neque eius labore. Quiquia aliquam voluptatem dolor modi. Velit tempora dolor quaerat numquam ut.;Data Structures|Data Engineering|Machine Learning
journals/see/PatenaudeLBBBBC15;Framework for the Analysis of Nanotechnologies' Impacts and Ethical Acceptability: Basis of an Interdisciplinary Approach to Assessing Novel Technologies.;Charles-Étienne Daniel|Danielle Tapin|Georges-Auguste Legault|Jacques Beauvais|Jean-Pierre Béland|Johane Patenaude|Jonathan Genest|Louise Bernier|Marie-Sol Poirier|Patrick Boissy|Vanessa Chenel;https://doi.org/10.1007/s11948-014-9543-y|https://www.wikidata.org/entity/Q35147011;Sci. Eng. Ethics;21;2015;Quisquam aliquam dolorem est velit eius quiquia. Dolorem labore ipsum ut modi ut quiquia adipisci. Adipisci ipsum tempora modi. Aliquam porro ipsum ut voluptatem neque eius labore. Quiquia aliquam voluptatem dolor modi. Velit tempora dolor quaerat numquam ut.;Data Structures
journals/see/KaaRTPK20;How to Weigh Values in Value Sensitive Design: A Best Worst Method Approach for the Case of Smart Metering.;Abhilash Kizhakenath|Behnam Taebi|Geerten van de Kaa|Ibo van de Poel|Jafar Rezaei 0001;https://doi.org/10.1007/s11948-019-00105-3|https://www.wikidata.org/entity/Q92959988;Sci. Eng. Ethics;26;2020;Quisquam aliquam dolorem est velit eius quiquia. Dolorem labore ipsum ut modi ut quiquia adipisci. Adipisci ipsum tempora modi. Aliquam porro ipsum ut voluptatem neque eius labore. Quiquia aliquam voluptatem dolor modi. Velit tempora dolor quaerat numquam ut.;Relational Databases
journals/see/PinkusGF15;The Role of Professional Knowledge in Case-Based Reasoning in Practical Ethics.;Angela Fortunato|Claire Gloeckner|Rosa Lynn Pinkus;https://doi.org/10.1007/s11948-015-9645-1|https://www.wikidata.org/entity/Q48043386;Sci. Eng. Ethics;21;2015;Quisquam aliquam dolorem est velit eius quiquia. Dolorem labore ipsum ut modi ut quiquia adipisci. Adipisci ipsum tempora modi. Aliquam porro ipsum ut voluptatem neque eius labore. Quiquia aliquam voluptatem dolor modi. Velit tempora dolor quaerat numquam ut.;Data Structures|High Performance Computing|Machine Learning
journals/see/PetrenkoM10;Between Same-Sex Marriages and the Large Hadron Collider : Making Sense of the Precautionary Principle.;Anton Petrenko|Dan McArthur;https://doi.org/10.1007/s11948-009-9165-y|https://www.wikidata.org/entity/Q37598115;Sci. Eng. Ethics;16;2010;Quisquam aliquam dolorem est velit eius quiquia. Dolorem labore ipsum ut modi ut quiquia adipisci. Adipisci ipsum tempora modi. Aliquam porro ipsum ut voluptatem neque eius labore. Quiquia aliquam voluptatem dolor modi. Velit tempora dolor quaerat numquam ut.;Semantic Data|High Performance Computing
journals/see/Kalichman11;Overview: Underserved Areas of Education in the Responsible Conduct of Research: Authorship.;Michael W. Kalichman;https://doi.org/10.1007/s11948-011-9281-3|https://www.wikidata.org/entity/Q36191124;Sci. Eng. Ethics;17;2011;Quisquam aliquam dolorem est velit eius quiquia. Dolorem labore ipsum ut modi ut quiquia adipisci. Adipisci ipsum tempora modi. Aliquam porro ipsum ut voluptatem neque eius labore. Quiquia aliquam voluptatem dolor modi. Velit tempora dolor quaerat numquam ut.;Semantic Data|NLP
journals/see/BorensteinHM19;Self-Driving Cars and Engineering Ethics: The Need for a System Level Analysis.;Jason Borenstein|Joseph R. Herkert|Keith W. Miller 0001;https://doi.org/10.1007/s11948-017-0006-0|https://www.wikidata.org/entity/Q44877041;Sci. Eng. Ethics;25;2019;Quisquam aliquam dolorem est velit eius quiquia. Dolorem labore ipsum ut modi ut quiquia adipisci. Adipisci ipsum tempora modi. Aliquam porro ipsum ut voluptatem neque eius labore. Quiquia aliquam voluptatem dolor modi. Velit tempora dolor quaerat numquam ut.;Data Structures|Semantic Data|Computer Networks
journals/see/Hoffmann07;Letter to the editor on ethics of expertise, informed consent, and hormesis.;George R. Hoffmann;https://doi.org/10.1007/s11948-007-9009-6|https://www.wikidata.org/entity/Q53179540;Sci. Eng. Ethics;13;2007;Quisquam aliquam dolorem est velit eius quiquia. Dolorem labore ipsum ut modi ut quiquia adipisci. Adipisci ipsum tempora modi. Aliquam porro ipsum ut voluptatem neque eius labore. Quiquia aliquam voluptatem dolor modi. Velit tempora dolor quaerat numquam ut.;Data Engineering|Data Mining
journals/see/Moustafa15;The Disaster of the Impact Factor.;Khaled Moustafa;https://doi.org/10.1007/s11948-014-9517-0|https://www.wikidata.org/entity/Q34400435;Sci. Eng. Ethics;21;2015;Quisquam aliquam dolorem est velit eius quiquia. Dolorem labore ipsum ut modi ut quiquia adipisci. Adipisci ipsum tempora modi. Aliquam porro ipsum ut voluptatem neque eius labore. Quiquia aliquam voluptatem dolor modi. Velit tempora dolor quaerat numquam ut.;Data Engineering|Data Structures
journals/see/Wetmore08;Engineering with Uncertainty: Monitoring Air Bag Performance.;Jameson M. Wetmore;https://doi.org/10.1007/s11948-008-9060-y|https://www.wikidata.org/entity/Q37143277;Sci. Eng. Ethics;14;2008;Quisquam aliquam dolorem est velit eius quiquia. Dolorem labore ipsum ut modi ut quiquia adipisci. Adipisci ipsum tempora modi. Aliquam porro ipsum ut voluptatem neque eius labore. Quiquia aliquam voluptatem dolor modi. Velit tempora dolor quaerat numquam ut.;Data Mining|Relational Databases|Big Data
journals/see/Epting16;The Moral Dimensions of Infrastructure.;Shane Epting;https://doi.org/10.1007/s11948-015-9663-z|https://www.wikidata.org/entity/Q30375095;Sci. Eng. Ethics;22;2016;Quisquam aliquam dolorem est velit eius quiquia. Dolorem labore ipsum ut modi ut quiquia adipisci. Adipisci ipsum tempora modi. Aliquam porro ipsum ut voluptatem neque eius labore. Quiquia aliquam voluptatem dolor modi. Velit tempora dolor quaerat numquam ut.;Big Data|Relational Databases|Computer Networks
